Program,Year,Period,Week Ending,Geo Level,State,State ANSI,Ag District,Ag District Code,County,County ANSI,Zip Code,Region,watershed_code,Watershed,Commodity,Data Item,Domain,Domain Category,Value,CV (%)
SURVEY,2021,WEEK #24,6/20/21,STATE,KANSAS,20,,,,,,,0,,SOYBEANS,"SOYBEANS - PROGRESS, MEASURED IN PCT BLOOMING",TOTAL,NOT SPECIFIED,2,
SURVEY,2021,WEEK #25,6/27/21,STATE,KANSAS,20,,,,,,,0,,SOYBEANS,"SOYBEANS - PROGRESS, MEASURED IN PCT BLOOMING",TOTAL,NOT SPECIFIED,15,
SURVEY,2021,WEEK #26,7/4/21,STATE,KANSAS,20,,,,,,,0,,SOYBEANS,"SOYBEANS - PROGRESS, MEASURED IN PCT BLOOMING",TOTAL,NOT SPECIFIED,26,
SURVEY,2021,WEEK #27,7/11/21,STATE,KANSAS,20,,,,,,,0,,SOYBEANS,"SOYBEANS - PROGRESS, MEASURED IN PCT BLOOMING",TOTAL,NOT SPECIFIED,38,
SURVEY,2021,WEEK #28,7/18/21,STATE,KANSAS,20,,,,,,,0,,SOYBEANS,"SOYBEANS - PROGRESS, MEASURED IN PCT BLOOMING",TOTAL,NOT SPECIFIED,48,
SURVEY,2021,WEEK #29,7/25/21,STATE,KANSAS,20,,,,,,,0,,SOYBEANS,"SOYBEANS - PROGRESS, MEASURED IN PCT BLOOMING",TOTAL,NOT SPECIFIED,60,
SURVEY,2021,WEEK #30,8/1/21,STATE,KANSAS,20,,,,,,,0,,SOYBEANS,"SOYBEANS - PROGRESS, MEASURED IN PCT BLOOMING",TOTAL,NOT SPECIFIED,71,
SURVEY,2021,WEEK #31,8/8/21,STATE,KANSAS,20,,,,,,,0,,SOYBEANS,"SOYBEANS - PROGRESS, MEASURED IN PCT BLOOMING",TOTAL,NOT SPECIFIED,80,
SURVEY,2021,WEEK #32,8/15/21,STATE,KANSAS,20,,,,,,,0,,SOYBEANS,"SOYBEANS - PROGRESS, MEASURED IN PCT BLOOMING",TOTAL,NOT SPECIFIED,85,
SURVEY,2021,WEEK #33,8/22/21,STATE,KANSAS,20,,,,,,,0,,SOYBEANS,"SOYBEANS - PROGRESS, MEASURED IN PCT BLOOMING",TOTAL,NOT SPECIFIED,91,
SURVEY,2021,WEEK #34,8/29/21,STATE,KANSAS,20,,,,,,,0,,SOYBEANS,"SOYBEANS - PROGRESS, MEASURED IN PCT BLOOMING",TOTAL,NOT SPECIFIED,94,
SURVEY,2021,WEEK #35,9/5/21,STATE,KANSAS,20,,,,,,,0,,SOYBEANS,"SOYBEANS - PROGRESS, MEASURED IN PCT BLOOMING",TOTAL,NOT SPECIFIED,96,
SURVEY,2020,WEEK #25,6/21/20,STATE,KANSAS,20,,,,,,,0,,SOYBEANS,"SOYBEANS - PROGRESS, MEASURED IN PCT BLOOMING",TOTAL,NOT SPECIFIED,1,
SURVEY,2020,WEEK #26,6/28/20,STATE,KANSAS,20,,,,,,,0,,SOYBEANS,"SOYBEANS - PROGRESS, MEASURED IN PCT BLOOMING",TOTAL,NOT SPECIFIED,8,
SURVEY,2020,WEEK #27,7/5/20,STATE,KANSAS,20,,,,,,,0,,SOYBEANS,"SOYBEANS - PROGRESS, MEASURED IN PCT BLOOMING",TOTAL,NOT SPECIFIED,30,
SURVEY,2020,WEEK #28,7/12/20,STATE,KANSAS,20,,,,,,,0,,SOYBEANS,"SOYBEANS - PROGRESS, MEASURED IN PCT BLOOMING",TOTAL,NOT SPECIFIED,43,
SURVEY,2020,WEEK #29,7/19/20,STATE,KANSAS,20,,,,,,,0,,SOYBEANS,"SOYBEANS - PROGRESS, MEASURED IN PCT BLOOMING",TOTAL,NOT SPECIFIED,55,
SURVEY,2020,WEEK #30,7/26/20,STATE,KANSAS,20,,,,,,,0,,SOYBEANS,"SOYBEANS - PROGRESS, MEASURED IN PCT BLOOMING",TOTAL,NOT SPECIFIED,68,
SURVEY,2020,WEEK #31,8/2/20,STATE,KANSAS,20,,,,,,,0,,SOYBEANS,"SOYBEANS - PROGRESS, MEASURED IN PCT BLOOMING",TOTAL,NOT SPECIFIED,79,
SURVEY,2020,WEEK #32,8/9/20,STATE,KANSAS,20,,,,,,,0,,SOYBEANS,"SOYBEANS - PROGRESS, MEASURED IN PCT BLOOMING",TOTAL,NOT SPECIFIED,85,
SURVEY,2020,WEEK #33,8/16/20,STATE,KANSAS,20,,,,,,,0,,SOYBEANS,"SOYBEANS - PROGRESS, MEASURED IN PCT BLOOMING",TOTAL,NOT SPECIFIED,90,
SURVEY,2020,WEEK #34,8/23/20,STATE,KANSAS,20,,,,,,,0,,SOYBEANS,"SOYBEANS - PROGRESS, MEASURED IN PCT BLOOMING",TOTAL,NOT SPECIFIED,94,
SURVEY,2020,WEEK #35,8/30/20,STATE,KANSAS,20,,,,,,,0,,SOYBEANS,"SOYBEANS - PROGRESS, MEASURED IN PCT BLOOMING",TOTAL,NOT SPECIFIED,96,
SURVEY,2019,WEEK #26,6/30/19,STATE,KANSAS,20,,,,,,,0,,SOYBEANS,"SOYBEANS - PROGRESS, MEASURED IN PCT BLOOMING",TOTAL,NOT SPECIFIED,1,
SURVEY,2019,WEEK #27,7/7/19,STATE,KANSAS,20,,,,,,,0,,SOYBEANS,"SOYBEANS - PROGRESS, MEASURED IN PCT BLOOMING",TOTAL,NOT SPECIFIED,7,
SURVEY,2019,WEEK #28,7/14/19,STATE,KANSAS,20,,,,,,,0,,SOYBEANS,"SOYBEANS - PROGRESS, MEASURED IN PCT BLOOMING",TOTAL,NOT SPECIFIED,15,
SURVEY,2019,WEEK #29,7/21/19,STATE,KANSAS,20,,,,,,,0,,SOYBEANS,"SOYBEANS - PROGRESS, MEASURED IN PCT BLOOMING",TOTAL,NOT SPECIFIED,28,
SURVEY,2019,WEEK #30,7/28/19,STATE,KANSAS,20,,,,,,,0,,SOYBEANS,"SOYBEANS - PROGRESS, MEASURED IN PCT BLOOMING",TOTAL,NOT SPECIFIED,40,
SURVEY,2019,WEEK #31,8/4/19,STATE,KANSAS,20,,,,,,,0,,SOYBEANS,"SOYBEANS - PROGRESS, MEASURED IN PCT BLOOMING",TOTAL,NOT SPECIFIED,56,
SURVEY,2019,WEEK #32,8/11/19,STATE,KANSAS,20,,,,,,,0,,SOYBEANS,"SOYBEANS - PROGRESS, MEASURED IN PCT BLOOMING",TOTAL,NOT SPECIFIED,73,
SURVEY,2019,WEEK #33,8/18/19,STATE,KANSAS,20,,,,,,,0,,SOYBEANS,"SOYBEANS - PROGRESS, MEASURED IN PCT BLOOMING",TOTAL,NOT SPECIFIED,84,
SURVEY,2019,WEEK #34,8/25/19,STATE,KANSAS,20,,,,,,,0,,SOYBEANS,"SOYBEANS - PROGRESS, MEASURED IN PCT BLOOMING",TOTAL,NOT SPECIFIED,90,
SURVEY,2019,WEEK #35,9/1/19,STATE,KANSAS,20,,,,,,,0,,SOYBEANS,"SOYBEANS - PROGRESS, MEASURED IN PCT BLOOMING",TOTAL,NOT SPECIFIED,94,
SURVEY,2019,WEEK #36,9/8/19,STATE,KANSAS,20,,,,,,,0,,SOYBEANS,"SOYBEANS - PROGRESS, MEASURED IN PCT BLOOMING",TOTAL,NOT SPECIFIED,96,
SURVEY,2018,WEEK #24,6/17/18,STATE,KANSAS,20,,,,,,,0,,SOYBEANS,"SOYBEANS - PROGRESS, MEASURED IN PCT BLOOMING",TOTAL,NOT SPECIFIED,0,
SURVEY,2018,WEEK #25,6/24/18,STATE,KANSAS,20,,,,,,,0,,SOYBEANS,"SOYBEANS - PROGRESS, MEASURED IN PCT BLOOMING",TOTAL,NOT SPECIFIED,7,
SURVEY,2018,WEEK #26,7/1/18,STATE,KANSAS,20,,,,,,,0,,SOYBEANS,"SOYBEANS - PROGRESS, MEASURED IN PCT BLOOMING",TOTAL,NOT SPECIFIED,20,
SURVEY,2018,WEEK #27,7/8/18,STATE,KANSAS,20,,,,,,,0,,SOYBEANS,"SOYBEANS - PROGRESS, MEASURED IN PCT BLOOMING",TOTAL,NOT SPECIFIED,38,
SURVEY,2018,WEEK #28,7/15/18,STATE,KANSAS,20,,,,,,,0,,SOYBEANS,"SOYBEANS - PROGRESS, MEASURED IN PCT BLOOMING",TOTAL,NOT SPECIFIED,59,
SURVEY,2018,WEEK #29,7/22/18,STATE,KANSAS,20,,,,,,,0,,SOYBEANS,"SOYBEANS - PROGRESS, MEASURED IN PCT BLOOMING",TOTAL,NOT SPECIFIED,74,
SURVEY,2018,WEEK #30,7/29/18,STATE,KANSAS,20,,,,,,,0,,SOYBEANS,"SOYBEANS - PROGRESS, MEASURED IN PCT BLOOMING",TOTAL,NOT SPECIFIED,83,
SURVEY,2018,WEEK #31,8/5/18,STATE,KANSAS,20,,,,,,,0,,SOYBEANS,"SOYBEANS - PROGRESS, MEASURED IN PCT BLOOMING",TOTAL,NOT SPECIFIED,89,
SURVEY,2018,WEEK #32,8/12/18,STATE,KANSAS,20,,,,,,,0,,SOYBEANS,"SOYBEANS - PROGRESS, MEASURED IN PCT BLOOMING",TOTAL,NOT SPECIFIED,94,
SURVEY,2018,WEEK #33,8/19/18,STATE,KANSAS,20,,,,,,,0,,SOYBEANS,"SOYBEANS - PROGRESS, MEASURED IN PCT BLOOMING",TOTAL,NOT SPECIFIED,96,
SURVEY,2017,WEEK #24,6/18/17,STATE,KANSAS,20,,,,,,,0,,SOYBEANS,"SOYBEANS - PROGRESS, MEASURED IN PCT BLOOMING",TOTAL,NOT SPECIFIED,0,
SURVEY,2017,WEEK #25,6/25/17,STATE,KANSAS,20,,,,,,,0,,SOYBEANS,"SOYBEANS - PROGRESS, MEASURED IN PCT BLOOMING",TOTAL,NOT SPECIFIED,5,
SURVEY,2017,WEEK #26,7/2/17,STATE,KANSAS,20,,,,,,,0,,SOYBEANS,"SOYBEANS - PROGRESS, MEASURED IN PCT BLOOMING",TOTAL,NOT SPECIFIED,12,
SURVEY,2017,WEEK #27,7/9/17,STATE,KANSAS,20,,,,,,,0,,SOYBEANS,"SOYBEANS - PROGRESS, MEASURED IN PCT BLOOMING",TOTAL,NOT SPECIFIED,27,
SURVEY,2017,WEEK #28,7/16/17,STATE,KANSAS,20,,,,,,,0,,SOYBEANS,"SOYBEANS - PROGRESS, MEASURED IN PCT BLOOMING",TOTAL,NOT SPECIFIED,44,
SURVEY,2017,WEEK #29,7/23/17,STATE,KANSAS,20,,,,,,,0,,SOYBEANS,"SOYBEANS - PROGRESS, MEASURED IN PCT BLOOMING",TOTAL,NOT SPECIFIED,61,
SURVEY,2017,WEEK #30,7/30/17,STATE,KANSAS,20,,,,,,,0,,SOYBEANS,"SOYBEANS - PROGRESS, MEASURED IN PCT BLOOMING",TOTAL,NOT SPECIFIED,73,
SURVEY,2017,WEEK #31,8/6/17,STATE,KANSAS,20,,,,,,,0,,SOYBEANS,"SOYBEANS - PROGRESS, MEASURED IN PCT BLOOMING",TOTAL,NOT SPECIFIED,85,
SURVEY,2017,WEEK #32,8/13/17,STATE,KANSAS,20,,,,,,,0,,SOYBEANS,"SOYBEANS - PROGRESS, MEASURED IN PCT BLOOMING",TOTAL,NOT SPECIFIED,90,
SURVEY,2017,WEEK #33,8/20/17,STATE,KANSAS,20,,,,,,,0,,SOYBEANS,"SOYBEANS - PROGRESS, MEASURED IN PCT BLOOMING",TOTAL,NOT SPECIFIED,95,
SURVEY,2016,WEEK #25,6/26/16,STATE,KANSAS,20,,,,,,,0,,SOYBEANS,"SOYBEANS - PROGRESS, MEASURED IN PCT BLOOMING",TOTAL,NOT SPECIFIED,0,
SURVEY,2016,WEEK #26,7/3/16,STATE,KANSAS,20,,,,,,,0,,SOYBEANS,"SOYBEANS - PROGRESS, MEASURED IN PCT BLOOMING",TOTAL,NOT SPECIFIED,8,
SURVEY,2016,WEEK #27,7/10/16,STATE,KANSAS,20,,,,,,,0,,SOYBEANS,"SOYBEANS - PROGRESS, MEASURED IN PCT BLOOMING",TOTAL,NOT SPECIFIED,20,
SURVEY,2016,WEEK #28,7/17/16,STATE,KANSAS,20,,,,,,,0,,SOYBEANS,"SOYBEANS - PROGRESS, MEASURED IN PCT BLOOMING",TOTAL,NOT SPECIFIED,38,
SURVEY,2016,WEEK #29,7/24/16,STATE,KANSAS,20,,,,,,,0,,SOYBEANS,"SOYBEANS - PROGRESS, MEASURED IN PCT BLOOMING",TOTAL,NOT SPECIFIED,56,
SURVEY,2016,WEEK #30,7/31/16,STATE,KANSAS,20,,,,,,,0,,SOYBEANS,"SOYBEANS - PROGRESS, MEASURED IN PCT BLOOMING",TOTAL,NOT SPECIFIED,69,
SURVEY,2016,WEEK #31,8/7/16,STATE,KANSAS,20,,,,,,,0,,SOYBEANS,"SOYBEANS - PROGRESS, MEASURED IN PCT BLOOMING",TOTAL,NOT SPECIFIED,81,
SURVEY,2016,WEEK #32,8/14/16,STATE,KANSAS,20,,,,,,,0,,SOYBEANS,"SOYBEANS - PROGRESS, MEASURED IN PCT BLOOMING",TOTAL,NOT SPECIFIED,88,
SURVEY,2016,WEEK #33,8/21/16,STATE,KANSAS,20,,,,,,,0,,SOYBEANS,"SOYBEANS - PROGRESS, MEASURED IN PCT BLOOMING",TOTAL,NOT SPECIFIED,94,
SURVEY,2016,WEEK #34,8/28/16,STATE,KANSAS,20,,,,,,,0,,SOYBEANS,"SOYBEANS - PROGRESS, MEASURED IN PCT BLOOMING",TOTAL,NOT SPECIFIED,96,
SURVEY,2015,WEEK #25,6/21/15,STATE,KANSAS,20,,,,,,,0,,SOYBEANS,"SOYBEANS - PROGRESS, MEASURED IN PCT BLOOMING",TOTAL,NOT SPECIFIED,0,
SURVEY,2015,WEEK #26,6/28/15,STATE,KANSAS,20,,,,,,,0,,SOYBEANS,"SOYBEANS - PROGRESS, MEASURED IN PCT BLOOMING",TOTAL,NOT SPECIFIED,2,
SURVEY,2015,WEEK #27,7/5/15,STATE,KANSAS,20,,,,,,,0,,SOYBEANS,"SOYBEANS - PROGRESS, MEASURED IN PCT BLOOMING",TOTAL,NOT SPECIFIED,5,
SURVEY,2015,WEEK #28,7/12/15,STATE,KANSAS,20,,,,,,,0,,SOYBEANS,"SOYBEANS - PROGRESS, MEASURED IN PCT BLOOMING",TOTAL,NOT SPECIFIED,17,
SURVEY,2015,WEEK #29,7/19/15,STATE,KANSAS,20,,,,,,,0,,SOYBEANS,"SOYBEANS - PROGRESS, MEASURED IN PCT BLOOMING",TOTAL,NOT SPECIFIED,32,
SURVEY,2015,WEEK #30,7/26/15,STATE,KANSAS,20,,,,,,,0,,SOYBEANS,"SOYBEANS - PROGRESS, MEASURED IN PCT BLOOMING",TOTAL,NOT SPECIFIED,48,
SURVEY,2015,WEEK #31,8/2/15,STATE,KANSAS,20,,,,,,,0,,SOYBEANS,"SOYBEANS - PROGRESS, MEASURED IN PCT BLOOMING",TOTAL,NOT SPECIFIED,61,
SURVEY,2015,WEEK #32,8/9/15,STATE,KANSAS,20,,,,,,,0,,SOYBEANS,"SOYBEANS - PROGRESS, MEASURED IN PCT BLOOMING",TOTAL,NOT SPECIFIED,77,
SURVEY,2015,WEEK #33,8/16/15,STATE,KANSAS,20,,,,,,,0,,SOYBEANS,"SOYBEANS - PROGRESS, MEASURED IN PCT BLOOMING",TOTAL,NOT SPECIFIED,86,
SURVEY,2015,WEEK #34,8/23/15,STATE,KANSAS,20,,,,,,,0,,SOYBEANS,"SOYBEANS - PROGRESS, MEASURED IN PCT BLOOMING",TOTAL,NOT SPECIFIED,91,
SURVEY,2015,WEEK #35,8/30/15,STATE,KANSAS,20,,,,,,,0,,SOYBEANS,"SOYBEANS - PROGRESS, MEASURED IN PCT BLOOMING",TOTAL,NOT SPECIFIED,95,
SURVEY,2014,WEEK #24,6/15/14,STATE,KANSAS,20,,,,,,,0,,SOYBEANS,"SOYBEANS - PROGRESS, MEASURED IN PCT BLOOMING",TOTAL,NOT SPECIFIED,0,
SURVEY,2014,WEEK #25,6/22/14,STATE,KANSAS,20,,,,,,,0,,SOYBEANS,"SOYBEANS - PROGRESS, MEASURED IN PCT BLOOMING",TOTAL,NOT SPECIFIED,1,
SURVEY,2014,WEEK #26,6/29/14,STATE,KANSAS,20,,,,,,,0,,SOYBEANS,"SOYBEANS - PROGRESS, MEASURED IN PCT BLOOMING",TOTAL,NOT SPECIFIED,5,
SURVEY,2014,WEEK #27,7/6/14,STATE,KANSAS,20,,,,,,,0,,SOYBEANS,"SOYBEANS - PROGRESS, MEASURED IN PCT BLOOMING",TOTAL,NOT SPECIFIED,16,
SURVEY,2014,WEEK #28,7/13/14,STATE,KANSAS,20,,,,,,,0,,SOYBEANS,"SOYBEANS - PROGRESS, MEASURED IN PCT BLOOMING",TOTAL,NOT SPECIFIED,28,
SURVEY,2014,WEEK #29,7/20/14,STATE,KANSAS,20,,,,,,,0,,SOYBEANS,"SOYBEANS - PROGRESS, MEASURED IN PCT BLOOMING",TOTAL,NOT SPECIFIED,44,
SURVEY,2014,WEEK #30,7/27/14,STATE,KANSAS,20,,,,,,,0,,SOYBEANS,"SOYBEANS - PROGRESS, MEASURED IN PCT BLOOMING",TOTAL,NOT SPECIFIED,60,
SURVEY,2014,WEEK #31,8/3/14,STATE,KANSAS,20,,,,,,,0,,SOYBEANS,"SOYBEANS - PROGRESS, MEASURED IN PCT BLOOMING",TOTAL,NOT SPECIFIED,73,
SURVEY,2014,WEEK #32,8/10/14,STATE,KANSAS,20,,,,,,,0,,SOYBEANS,"SOYBEANS - PROGRESS, MEASURED IN PCT BLOOMING",TOTAL,NOT SPECIFIED,83,
SURVEY,2014,WEEK #33,8/17/14,STATE,KANSAS,20,,,,,,,0,,SOYBEANS,"SOYBEANS - PROGRESS, MEASURED IN PCT BLOOMING",TOTAL,NOT SPECIFIED,89,
SURVEY,2013,WEEK #27,7/7/13,STATE,KANSAS,20,,,,,,,0,,SOYBEANS,"SOYBEANS - PROGRESS, MEASURED IN PCT BLOOMING",TOTAL,NOT SPECIFIED,4,
SURVEY,2013,WEEK #28,7/14/13,STATE,KANSAS,20,,,,,,,0,,SOYBEANS,"SOYBEANS - PROGRESS, MEASURED IN PCT BLOOMING",TOTAL,NOT SPECIFIED,21,
SURVEY,2013,WEEK #29,7/21/13,STATE,KANSAS,20,,,,,,,0,,SOYBEANS,"SOYBEANS - PROGRESS, MEASURED IN PCT BLOOMING",TOTAL,NOT SPECIFIED,35,
SURVEY,2013,WEEK #30,7/28/13,STATE,KANSAS,20,,,,,,,0,,SOYBEANS,"SOYBEANS - PROGRESS, MEASURED IN PCT BLOOMING",TOTAL,NOT SPECIFIED,54,
SURVEY,2013,WEEK #31,8/4/13,STATE,KANSAS,20,,,,,,,0,,SOYBEANS,"SOYBEANS - PROGRESS, MEASURED IN PCT BLOOMING",TOTAL,NOT SPECIFIED,69,
SURVEY,2013,WEEK #32,8/11/13,STATE,KANSAS,20,,,,,,,0,,SOYBEANS,"SOYBEANS - PROGRESS, MEASURED IN PCT BLOOMING",TOTAL,NOT SPECIFIED,82,
SURVEY,2013,WEEK #33,8/18/13,STATE,KANSAS,20,,,,,,,0,,SOYBEANS,"SOYBEANS - PROGRESS, MEASURED IN PCT BLOOMING",TOTAL,NOT SPECIFIED,85,
SURVEY,2013,WEEK #34,8/25/13,STATE,KANSAS,20,,,,,,,0,,SOYBEANS,"SOYBEANS - PROGRESS, MEASURED IN PCT BLOOMING",TOTAL,NOT SPECIFIED,91,
SURVEY,2012,WEEK #24,6/17/12,STATE,KANSAS,20,,,,,,,0,,SOYBEANS,"SOYBEANS - PROGRESS, MEASURED IN PCT BLOOMING",TOTAL,NOT SPECIFIED,3,
SURVEY,2012,WEEK #25,6/24/12,STATE,KANSAS,20,,,,,,,0,,SOYBEANS,"SOYBEANS - PROGRESS, MEASURED IN PCT BLOOMING",TOTAL,NOT SPECIFIED,5,
SURVEY,2012,WEEK #26,7/1/12,STATE,KANSAS,20,,,,,,,0,,SOYBEANS,"SOYBEANS - PROGRESS, MEASURED IN PCT BLOOMING",TOTAL,NOT SPECIFIED,16,
SURVEY,2012,WEEK #27,7/8/12,STATE,KANSAS,20,,,,,,,0,,SOYBEANS,"SOYBEANS - PROGRESS, MEASURED IN PCT BLOOMING",TOTAL,NOT SPECIFIED,31,
SURVEY,2012,WEEK #28,7/15/12,STATE,KANSAS,20,,,,,,,0,,SOYBEANS,"SOYBEANS - PROGRESS, MEASURED IN PCT BLOOMING",TOTAL,NOT SPECIFIED,46,
SURVEY,2012,WEEK #29,7/22/12,STATE,KANSAS,20,,,,,,,0,,SOYBEANS,"SOYBEANS - PROGRESS, MEASURED IN PCT BLOOMING",TOTAL,NOT SPECIFIED,58,
SURVEY,2012,WEEK #30,7/29/12,STATE,KANSAS,20,,,,,,,0,,SOYBEANS,"SOYBEANS - PROGRESS, MEASURED IN PCT BLOOMING",TOTAL,NOT SPECIFIED,69,
SURVEY,2012,WEEK #31,8/5/12,STATE,KANSAS,20,,,,,,,0,,SOYBEANS,"SOYBEANS - PROGRESS, MEASURED IN PCT BLOOMING",TOTAL,NOT SPECIFIED,79,
SURVEY,2012,WEEK #32,8/12/12,STATE,KANSAS,20,,,,,,,0,,SOYBEANS,"SOYBEANS - PROGRESS, MEASURED IN PCT BLOOMING",TOTAL,NOT SPECIFIED,86,
SURVEY,2011,WEEK #26,7/3/11,STATE,KANSAS,20,,,,,,,0,,SOYBEANS,"SOYBEANS - PROGRESS, MEASURED IN PCT BLOOMING",TOTAL,NOT SPECIFIED,7,
SURVEY,2011,WEEK #27,7/10/11,STATE,KANSAS,20,,,,,,,0,,SOYBEANS,"SOYBEANS - PROGRESS, MEASURED IN PCT BLOOMING",TOTAL,NOT SPECIFIED,15,
SURVEY,2011,WEEK #28,7/17/11,STATE,KANSAS,20,,,,,,,0,,SOYBEANS,"SOYBEANS - PROGRESS, MEASURED IN PCT BLOOMING",TOTAL,NOT SPECIFIED,31,
SURVEY,2011,WEEK #29,7/24/11,STATE,KANSAS,20,,,,,,,0,,SOYBEANS,"SOYBEANS - PROGRESS, MEASURED IN PCT BLOOMING",TOTAL,NOT SPECIFIED,47,
SURVEY,2011,WEEK #30,7/31/11,STATE,KANSAS,20,,,,,,,0,,SOYBEANS,"SOYBEANS - PROGRESS, MEASURED IN PCT BLOOMING",TOTAL,NOT SPECIFIED,67,
SURVEY,2011,WEEK #31,8/7/11,STATE,KANSAS,20,,,,,,,0,,SOYBEANS,"SOYBEANS - PROGRESS, MEASURED IN PCT BLOOMING",TOTAL,NOT SPECIFIED,77,
SURVEY,2011,WEEK #32,8/14/11,STATE,KANSAS,20,,,,,,,0,,SOYBEANS,"SOYBEANS - PROGRESS, MEASURED IN PCT BLOOMING",TOTAL,NOT SPECIFIED,87,
SURVEY,2011,WEEK #33,8/21/11,STATE,KANSAS,20,,,,,,,0,,SOYBEANS,"SOYBEANS - PROGRESS, MEASURED IN PCT BLOOMING",TOTAL,NOT SPECIFIED,92,
SURVEY,2010,WEEK #25,6/27/10,STATE,KANSAS,20,,,,,,,0,,SOYBEANS,"SOYBEANS - PROGRESS, MEASURED IN PCT BLOOMING",TOTAL,NOT SPECIFIED,4,
SURVEY,2010,WEEK #26,7/4/10,STATE,KANSAS,20,,,,,,,0,,SOYBEANS,"SOYBEANS - PROGRESS, MEASURED IN PCT BLOOMING",TOTAL,NOT SPECIFIED,10,
SURVEY,2010,WEEK #27,7/11/10,STATE,KANSAS,20,,,,,,,0,,SOYBEANS,"SOYBEANS - PROGRESS, MEASURED IN PCT BLOOMING",TOTAL,NOT SPECIFIED,19,
SURVEY,2010,WEEK #28,7/18/10,STATE,KANSAS,20,,,,,,,0,,SOYBEANS,"SOYBEANS - PROGRESS, MEASURED IN PCT BLOOMING",TOTAL,NOT SPECIFIED,39,
SURVEY,2010,WEEK #29,7/25/10,STATE,KANSAS,20,,,,,,,0,,SOYBEANS,"SOYBEANS - PROGRESS, MEASURED IN PCT BLOOMING",TOTAL,NOT SPECIFIED,56,
SURVEY,2010,WEEK #30,8/1/10,STATE,KANSAS,20,,,,,,,0,,SOYBEANS,"SOYBEANS - PROGRESS, MEASURED IN PCT BLOOMING",TOTAL,NOT SPECIFIED,71,
SURVEY,2010,WEEK #31,8/8/10,STATE,KANSAS,20,,,,,,,0,,SOYBEANS,"SOYBEANS - PROGRESS, MEASURED IN PCT BLOOMING",TOTAL,NOT SPECIFIED,80,
SURVEY,2010,WEEK #32,8/15/10,STATE,KANSAS,20,,,,,,,0,,SOYBEANS,"SOYBEANS - PROGRESS, MEASURED IN PCT BLOOMING",TOTAL,NOT SPECIFIED,90,
SURVEY,2009,WEEK #27,7/5/09,STATE,KANSAS,20,,,,,,,0,,SOYBEANS,"SOYBEANS - PROGRESS, MEASURED IN PCT BLOOMING",TOTAL,NOT SPECIFIED,17,
SURVEY,2009,WEEK #28,7/12/09,STATE,KANSAS,20,,,,,,,0,,SOYBEANS,"SOYBEANS - PROGRESS, MEASURED IN PCT BLOOMING",TOTAL,NOT SPECIFIED,25,
SURVEY,2009,WEEK #29,7/19/09,STATE,KANSAS,20,,,,,,,0,,SOYBEANS,"SOYBEANS - PROGRESS, MEASURED IN PCT BLOOMING",TOTAL,NOT SPECIFIED,51,
SURVEY,2009,WEEK #30,7/26/09,STATE,KANSAS,20,,,,,,,0,,SOYBEANS,"SOYBEANS - PROGRESS, MEASURED IN PCT BLOOMING",TOTAL,NOT SPECIFIED,70,
SURVEY,2009,WEEK #31,8/2/09,STATE,KANSAS,20,,,,,,,0,,SOYBEANS,"SOYBEANS - PROGRESS, MEASURED IN PCT BLOOMING",TOTAL,NOT SPECIFIED,77,
SURVEY,2009,WEEK #32,8/9/09,STATE,KANSAS,20,,,,,,,0,,SOYBEANS,"SOYBEANS - PROGRESS, MEASURED IN PCT BLOOMING",TOTAL,NOT SPECIFIED,85,
SURVEY,2009,WEEK #33,8/16/09,STATE,KANSAS,20,,,,,,,0,,SOYBEANS,"SOYBEANS - PROGRESS, MEASURED IN PCT BLOOMING",TOTAL,NOT SPECIFIED,88,
SURVEY,2009,WEEK #34,8/23/09,STATE,KANSAS,20,,,,,,,0,,SOYBEANS,"SOYBEANS - PROGRESS, MEASURED IN PCT BLOOMING",TOTAL,NOT SPECIFIED,95,
SURVEY,2008,WEEK #25,6/22/08,STATE,KANSAS,20,,,,,,,0,,SOYBEANS,"SOYBEANS - PROGRESS, MEASURED IN PCT BLOOMING",TOTAL,NOT SPECIFIED,1,
SURVEY,2008,WEEK #26,6/29/08,STATE,KANSAS,20,,,,,,,0,,SOYBEANS,"SOYBEANS - PROGRESS, MEASURED IN PCT BLOOMING",TOTAL,NOT SPECIFIED,2,
SURVEY,2008,WEEK #27,7/6/08,STATE,KANSAS,20,,,,,,,0,,SOYBEANS,"SOYBEANS - PROGRESS, MEASURED IN PCT BLOOMING",TOTAL,NOT SPECIFIED,10,
SURVEY,2008,WEEK #28,7/13/08,STATE,KANSAS,20,,,,,,,0,,SOYBEANS,"SOYBEANS - PROGRESS, MEASURED IN PCT BLOOMING",TOTAL,NOT SPECIFIED,25,
SURVEY,2008,WEEK #29,7/20/08,STATE,KANSAS,20,,,,,,,0,,SOYBEANS,"SOYBEANS - PROGRESS, MEASURED IN PCT BLOOMING",TOTAL,NOT SPECIFIED,48,
SURVEY,2008,WEEK #30,7/27/08,STATE,KANSAS,20,,,,,,,0,,SOYBEANS,"SOYBEANS - PROGRESS, MEASURED IN PCT BLOOMING",TOTAL,NOT SPECIFIED,63,
SURVEY,2008,WEEK #31,8/3/08,STATE,KANSAS,20,,,,,,,0,,SOYBEANS,"SOYBEANS - PROGRESS, MEASURED IN PCT BLOOMING",TOTAL,NOT SPECIFIED,77,
SURVEY,2008,WEEK #32,8/10/08,STATE,KANSAS,20,,,,,,,0,,SOYBEANS,"SOYBEANS - PROGRESS, MEASURED IN PCT BLOOMING",TOTAL,NOT SPECIFIED,83,
SURVEY,2008,WEEK #33,8/17/08,STATE,KANSAS,20,,,,,,,0,,SOYBEANS,"SOYBEANS - PROGRESS, MEASURED IN PCT BLOOMING",TOTAL,NOT SPECIFIED,86,
SURVEY,2008,WEEK #34,8/24/08,STATE,KANSAS,20,,,,,,,0,,SOYBEANS,"SOYBEANS - PROGRESS, MEASURED IN PCT BLOOMING",TOTAL,NOT SPECIFIED,94,
SURVEY,2007,WEEK #25,6/24/07,STATE,KANSAS,20,,,,,,,0,,SOYBEANS,"SOYBEANS - PROGRESS, MEASURED IN PCT BLOOMING",TOTAL,NOT SPECIFIED,1,
SURVEY,2007,WEEK #26,7/1/07,STATE,KANSAS,20,,,,,,,0,,SOYBEANS,"SOYBEANS - PROGRESS, MEASURED IN PCT BLOOMING",TOTAL,NOT SPECIFIED,7,
SURVEY,2007,WEEK #27,7/8/07,STATE,KANSAS,20,,,,,,,0,,SOYBEANS,"SOYBEANS - PROGRESS, MEASURED IN PCT BLOOMING",TOTAL,NOT SPECIFIED,23,
SURVEY,2007,WEEK #28,7/15/07,STATE,KANSAS,20,,,,,,,0,,SOYBEANS,"SOYBEANS - PROGRESS, MEASURED IN PCT BLOOMING",TOTAL,NOT SPECIFIED,38,
SURVEY,2007,WEEK #29,7/22/07,STATE,KANSAS,20,,,,,,,0,,SOYBEANS,"SOYBEANS - PROGRESS, MEASURED IN PCT BLOOMING",TOTAL,NOT SPECIFIED,61,
SURVEY,2007,WEEK #30,7/29/07,STATE,KANSAS,20,,,,,,,0,,SOYBEANS,"SOYBEANS - PROGRESS, MEASURED IN PCT BLOOMING",TOTAL,NOT SPECIFIED,72,
SURVEY,2007,WEEK #31,8/5/07,STATE,KANSAS,20,,,,,,,0,,SOYBEANS,"SOYBEANS - PROGRESS, MEASURED IN PCT BLOOMING",TOTAL,NOT SPECIFIED,82,
SURVEY,2007,WEEK #32,8/12/07,STATE,KANSAS,20,,,,,,,0,,SOYBEANS,"SOYBEANS - PROGRESS, MEASURED IN PCT BLOOMING",TOTAL,NOT SPECIFIED,84,
SURVEY,2006,WEEK #25,6/25/06,STATE,KANSAS,20,,,,,,,0,,SOYBEANS,"SOYBEANS - PROGRESS, MEASURED IN PCT BLOOMING",TOTAL,NOT SPECIFIED,6,
SURVEY,2006,WEEK #26,7/2/06,STATE,KANSAS,20,,,,,,,0,,SOYBEANS,"SOYBEANS - PROGRESS, MEASURED IN PCT BLOOMING",TOTAL,NOT SPECIFIED,15,
SURVEY,2006,WEEK #27,7/9/06,STATE,KANSAS,20,,,,,,,0,,SOYBEANS,"SOYBEANS - PROGRESS, MEASURED IN PCT BLOOMING",TOTAL,NOT SPECIFIED,38,
SURVEY,2006,WEEK #28,7/16/06,STATE,KANSAS,20,,,,,,,0,,SOYBEANS,"SOYBEANS - PROGRESS, MEASURED IN PCT BLOOMING",TOTAL,NOT SPECIFIED,67,
SURVEY,2006,WEEK #29,7/23/06,STATE,KANSAS,20,,,,,,,0,,SOYBEANS,"SOYBEANS - PROGRESS, MEASURED IN PCT BLOOMING",TOTAL,NOT SPECIFIED,77,
SURVEY,2006,WEEK #30,7/30/06,STATE,KANSAS,20,,,,,,,0,,SOYBEANS,"SOYBEANS - PROGRESS, MEASURED IN PCT BLOOMING",TOTAL,NOT SPECIFIED,87,
SURVEY,2006,WEEK #31,8/6/06,STATE,KANSAS,20,,,,,,,0,,SOYBEANS,"SOYBEANS - PROGRESS, MEASURED IN PCT BLOOMING",TOTAL,NOT SPECIFIED,89,
SURVEY,2006,WEEK #32,8/13/06,STATE,KANSAS,20,,,,,,,0,,SOYBEANS,"SOYBEANS - PROGRESS, MEASURED IN PCT BLOOMING",TOTAL,NOT SPECIFIED,94,
SURVEY,2005,WEEK #25,6/26/05,STATE,KANSAS,20,,,,,,,0,,SOYBEANS,"SOYBEANS - PROGRESS, MEASURED IN PCT BLOOMING",TOTAL,NOT SPECIFIED,4,
SURVEY,2005,WEEK #26,7/3/05,STATE,KANSAS,20,,,,,,,0,,SOYBEANS,"SOYBEANS - PROGRESS, MEASURED IN PCT BLOOMING",TOTAL,NOT SPECIFIED,12,
SURVEY,2005,WEEK #27,7/10/05,STATE,KANSAS,20,,,,,,,0,,SOYBEANS,"SOYBEANS - PROGRESS, MEASURED IN PCT BLOOMING",TOTAL,NOT SPECIFIED,27,
SURVEY,2005,WEEK #28,7/17/05,STATE,KANSAS,20,,,,,,,0,,SOYBEANS,"SOYBEANS - PROGRESS, MEASURED IN PCT BLOOMING",TOTAL,NOT SPECIFIED,44,
SURVEY,2005,WEEK #29,7/24/05,STATE,KANSAS,20,,,,,,,0,,SOYBEANS,"SOYBEANS - PROGRESS, MEASURED IN PCT BLOOMING",TOTAL,NOT SPECIFIED,68,
SURVEY,2005,WEEK #30,7/31/05,STATE,KANSAS,20,,,,,,,0,,SOYBEANS,"SOYBEANS - PROGRESS, MEASURED IN PCT BLOOMING",TOTAL,NOT SPECIFIED,85,
SURVEY,2005,WEEK #31,8/7/05,STATE,KANSAS,20,,,,,,,0,,SOYBEANS,"SOYBEANS - PROGRESS, MEASURED IN PCT BLOOMING",TOTAL,NOT SPECIFIED,90,
SURVEY,2004,WEEK #26,6/27/04,STATE,KANSAS,20,,,,,,,0,,SOYBEANS,"SOYBEANS - PROGRESS, MEASURED IN PCT BLOOMING",TOTAL,NOT SPECIFIED,4,
SURVEY,2004,WEEK #27,7/4/04,STATE,KANSAS,20,,,,,,,0,,SOYBEANS,"SOYBEANS - PROGRESS, MEASURED IN PCT BLOOMING",TOTAL,NOT SPECIFIED,23,
SURVEY,2004,WEEK #28,7/11/04,STATE,KANSAS,20,,,,,,,0,,SOYBEANS,"SOYBEANS - PROGRESS, MEASURED IN PCT BLOOMING",TOTAL,NOT SPECIFIED,42,
SURVEY,2004,WEEK #29,7/18/04,STATE,KANSAS,20,,,,,,,0,,SOYBEANS,"SOYBEANS - PROGRESS, MEASURED IN PCT BLOOMING",TOTAL,NOT SPECIFIED,61,
SURVEY,2004,WEEK #30,7/25/04,STATE,KANSAS,20,,,,,,,0,,SOYBEANS,"SOYBEANS - PROGRESS, MEASURED IN PCT BLOOMING",TOTAL,NOT SPECIFIED,74,
SURVEY,2004,WEEK #31,8/1/04,STATE,KANSAS,20,,,,,,,0,,SOYBEANS,"SOYBEANS - PROGRESS, MEASURED IN PCT BLOOMING",TOTAL,NOT SPECIFIED,78,
SURVEY,2004,WEEK #32,8/8/04,STATE,KANSAS,20,,,,,,,0,,SOYBEANS,"SOYBEANS - PROGRESS, MEASURED IN PCT BLOOMING",TOTAL,NOT SPECIFIED,87,
SURVEY,2004,WEEK #33,8/15/04,STATE,KANSAS,20,,,,,,,0,,SOYBEANS,"SOYBEANS - PROGRESS, MEASURED IN PCT BLOOMING",TOTAL,NOT SPECIFIED,88,
SURVEY,2003,WEEK #27,7/6/03,STATE,KANSAS,20,,,,,,,0,,SOYBEANS,"SOYBEANS - PROGRESS, MEASURED IN PCT BLOOMING",TOTAL,NOT SPECIFIED,15,
SURVEY,2003,WEEK #28,7/13/03,STATE,KANSAS,20,,,,,,,0,,SOYBEANS,"SOYBEANS - PROGRESS, MEASURED IN PCT BLOOMING",TOTAL,NOT SPECIFIED,33,
SURVEY,2003,WEEK #29,7/20/03,STATE,KANSAS,20,,,,,,,0,,SOYBEANS,"SOYBEANS - PROGRESS, MEASURED IN PCT BLOOMING",TOTAL,NOT SPECIFIED,51,
SURVEY,2003,WEEK #30,7/27/03,STATE,KANSAS,20,,,,,,,0,,SOYBEANS,"SOYBEANS - PROGRESS, MEASURED IN PCT BLOOMING",TOTAL,NOT SPECIFIED,64,
SURVEY,2003,WEEK #31,8/3/03,STATE,KANSAS,20,,,,,,,0,,SOYBEANS,"SOYBEANS - PROGRESS, MEASURED IN PCT BLOOMING",TOTAL,NOT SPECIFIED,77,
SURVEY,2003,WEEK #32,8/10/03,STATE,KANSAS,20,,,,,,,0,,SOYBEANS,"SOYBEANS - PROGRESS, MEASURED IN PCT BLOOMING",TOTAL,NOT SPECIFIED,84,
SURVEY,2003,WEEK #33,8/17/03,STATE,KANSAS,20,,,,,,,0,,SOYBEANS,"SOYBEANS - PROGRESS, MEASURED IN PCT BLOOMING",TOTAL,NOT SPECIFIED,93,
SURVEY,2002,WEEK #26,6/30/02,STATE,KANSAS,20,,,,,,,0,,SOYBEANS,"SOYBEANS - PROGRESS, MEASURED IN PCT BLOOMING",TOTAL,NOT SPECIFIED,6,
SURVEY,2002,WEEK #27,7/7/02,STATE,KANSAS,20,,,,,,,0,,SOYBEANS,"SOYBEANS - PROGRESS, MEASURED IN PCT BLOOMING",TOTAL,NOT SPECIFIED,20,
SURVEY,2002,WEEK #28,7/14/02,STATE,KANSAS,20,,,,,,,0,,SOYBEANS,"SOYBEANS - PROGRESS, MEASURED IN PCT BLOOMING",TOTAL,NOT SPECIFIED,32,
SURVEY,2002,WEEK #29,7/21/02,STATE,KANSAS,20,,,,,,,0,,SOYBEANS,"SOYBEANS - PROGRESS, MEASURED IN PCT BLOOMING",TOTAL,NOT SPECIFIED,50,
SURVEY,2002,WEEK #30,7/28/02,STATE,KANSAS,20,,,,,,,0,,SOYBEANS,"SOYBEANS - PROGRESS, MEASURED IN PCT BLOOMING",TOTAL,NOT SPECIFIED,68,
SURVEY,2002,WEEK #31,8/4/02,STATE,KANSAS,20,,,,,,,0,,SOYBEANS,"SOYBEANS - PROGRESS, MEASURED IN PCT BLOOMING",TOTAL,NOT SPECIFIED,79,
SURVEY,2002,WEEK #32,8/11/02,STATE,KANSAS,20,,,,,,,0,,SOYBEANS,"SOYBEANS - PROGRESS, MEASURED IN PCT BLOOMING",TOTAL,NOT SPECIFIED,93,
SURVEY,2002,WEEK #33,8/18/02,STATE,KANSAS,20,,,,,,,0,,SOYBEANS,"SOYBEANS - PROGRESS, MEASURED IN PCT BLOOMING",TOTAL,NOT SPECIFIED,97,
SURVEY,2001,WEEK #26,7/1/01,STATE,KANSAS,20,,,,,,,0,,SOYBEANS,"SOYBEANS - PROGRESS, MEASURED IN PCT BLOOMING",TOTAL,NOT SPECIFIED,15,
SURVEY,2001,WEEK #27,7/8/01,STATE,KANSAS,20,,,,,,,0,,SOYBEANS,"SOYBEANS - PROGRESS, MEASURED IN PCT BLOOMING",TOTAL,NOT SPECIFIED,30,
SURVEY,2001,WEEK #28,7/15/01,STATE,KANSAS,20,,,,,,,0,,SOYBEANS,"SOYBEANS - PROGRESS, MEASURED IN PCT BLOOMING",TOTAL,NOT SPECIFIED,53,
SURVEY,2001,WEEK #29,7/22/01,STATE,KANSAS,20,,,,,,,0,,SOYBEANS,"SOYBEANS - PROGRESS, MEASURED IN PCT BLOOMING",TOTAL,NOT SPECIFIED,73,
SURVEY,2001,WEEK #30,7/29/01,STATE,KANSAS,20,,,,,,,0,,SOYBEANS,"SOYBEANS - PROGRESS, MEASURED IN PCT BLOOMING",TOTAL,NOT SPECIFIED,85,
SURVEY,2001,WEEK #31,8/5/01,STATE,KANSAS,20,,,,,,,0,,SOYBEANS,"SOYBEANS - PROGRESS, MEASURED IN PCT BLOOMING",TOTAL,NOT SPECIFIED,92,
SURVEY,2001,WEEK #32,8/12/01,STATE,KANSAS,20,,,,,,,0,,SOYBEANS,"SOYBEANS - PROGRESS, MEASURED IN PCT BLOOMING",TOTAL,NOT SPECIFIED,95,
SURVEY,2000,WEEK #24,6/18/00,STATE,KANSAS,20,,,,,,,0,,SOYBEANS,"SOYBEANS - PROGRESS, MEASURED IN PCT BLOOMING",TOTAL,NOT SPECIFIED,2,
SURVEY,2000,WEEK #25,6/25/00,STATE,KANSAS,20,,,,,,,0,,SOYBEANS,"SOYBEANS - PROGRESS, MEASURED IN PCT BLOOMING",TOTAL,NOT SPECIFIED,12,
SURVEY,2000,WEEK #26,7/2/00,STATE,KANSAS,20,,,,,,,0,,SOYBEANS,"SOYBEANS - PROGRESS, MEASURED IN PCT BLOOMING",TOTAL,NOT SPECIFIED,34,
SURVEY,2000,WEEK #27,7/9/00,STATE,KANSAS,20,,,,,,,0,,SOYBEANS,"SOYBEANS - PROGRESS, MEASURED IN PCT BLOOMING",TOTAL,NOT SPECIFIED,47,
SURVEY,2000,WEEK #28,7/16/00,STATE,KANSAS,20,,,,,,,0,,SOYBEANS,"SOYBEANS - PROGRESS, MEASURED IN PCT BLOOMING",TOTAL,NOT SPECIFIED,64,
SURVEY,2000,WEEK #29,7/23/00,STATE,KANSAS,20,,,,,,,0,,SOYBEANS,"SOYBEANS - PROGRESS, MEASURED IN PCT BLOOMING",TOTAL,NOT SPECIFIED,74,
SURVEY,2000,WEEK #30,7/30/00,STATE,KANSAS,20,,,,,,,0,,SOYBEANS,"SOYBEANS - PROGRESS, MEASURED IN PCT BLOOMING",TOTAL,NOT SPECIFIED,81,
SURVEY,2000,WEEK #31,8/6/00,STATE,KANSAS,20,,,,,,,0,,SOYBEANS,"SOYBEANS - PROGRESS, MEASURED IN PCT BLOOMING",TOTAL,NOT SPECIFIED,91,
SURVEY,2000,WEEK #32,8/13/00,STATE,KANSAS,20,,,,,,,0,,SOYBEANS,"SOYBEANS - PROGRESS, MEASURED IN PCT BLOOMING",TOTAL,NOT SPECIFIED,96,
SURVEY,1999,WEEK #24,6/20/99,STATE,KANSAS,20,,,,,,,0,,SOYBEANS,"SOYBEANS - PROGRESS, MEASURED IN PCT BLOOMING",TOTAL,NOT SPECIFIED,0,
SURVEY,1999,WEEK #25,6/27/99,STATE,KANSAS,20,,,,,,,0,,SOYBEANS,"SOYBEANS - PROGRESS, MEASURED IN PCT BLOOMING",TOTAL,NOT SPECIFIED,0,
SURVEY,1999,WEEK #26,7/4/99,STATE,KANSAS,20,,,,,,,0,,SOYBEANS,"SOYBEANS - PROGRESS, MEASURED IN PCT BLOOMING",TOTAL,NOT SPECIFIED,5,
SURVEY,1999,WEEK #27,7/11/99,STATE,KANSAS,20,,,,,,,0,,SOYBEANS,"SOYBEANS - PROGRESS, MEASURED IN PCT BLOOMING",TOTAL,NOT SPECIFIED,13,
SURVEY,1999,WEEK #28,7/18/99,STATE,KANSAS,20,,,,,,,0,,SOYBEANS,"SOYBEANS - PROGRESS, MEASURED IN PCT BLOOMING",TOTAL,NOT SPECIFIED,29,
SURVEY,1999,WEEK #29,7/25/99,STATE,KANSAS,20,,,,,,,0,,SOYBEANS,"SOYBEANS - PROGRESS, MEASURED IN PCT BLOOMING",TOTAL,NOT SPECIFIED,48,
SURVEY,1999,WEEK #30,8/1/99,STATE,KANSAS,20,,,,,,,0,,SOYBEANS,"SOYBEANS - PROGRESS, MEASURED IN PCT BLOOMING",TOTAL,NOT SPECIFIED,66,
SURVEY,1999,WEEK #31,8/8/99,STATE,KANSAS,20,,,,,,,0,,SOYBEANS,"SOYBEANS - PROGRESS, MEASURED IN PCT BLOOMING",TOTAL,NOT SPECIFIED,71,
SURVEY,1999,WEEK #32,8/15/99,STATE,KANSAS,20,,,,,,,0,,SOYBEANS,"SOYBEANS - PROGRESS, MEASURED IN PCT BLOOMING",TOTAL,NOT SPECIFIED,88,
SURVEY,1998,WEEK #26,6/28/98,STATE,KANSAS,20,,,,,,,0,,SOYBEANS,"SOYBEANS - PROGRESS, MEASURED IN PCT BLOOMING",TOTAL,NOT SPECIFIED,12,
SURVEY,1998,WEEK #27,7/5/98,STATE,KANSAS,20,,,,,,,0,,SOYBEANS,"SOYBEANS - PROGRESS, MEASURED IN PCT BLOOMING",TOTAL,NOT SPECIFIED,27,
SURVEY,1998,WEEK #28,7/12/98,STATE,KANSAS,20,,,,,,,0,,SOYBEANS,"SOYBEANS - PROGRESS, MEASURED IN PCT BLOOMING",TOTAL,NOT SPECIFIED,50,
SURVEY,1998,WEEK #29,7/19/98,STATE,KANSAS,20,,,,,,,0,,SOYBEANS,"SOYBEANS - PROGRESS, MEASURED IN PCT BLOOMING",TOTAL,NOT SPECIFIED,66,
SURVEY,1998,WEEK #30,7/26/98,STATE,KANSAS,20,,,,,,,0,,SOYBEANS,"SOYBEANS - PROGRESS, MEASURED IN PCT BLOOMING",TOTAL,NOT SPECIFIED,80,
SURVEY,1998,WEEK #31,8/2/98,STATE,KANSAS,20,,,,,,,0,,SOYBEANS,"SOYBEANS - PROGRESS, MEASURED IN PCT BLOOMING",TOTAL,NOT SPECIFIED,88,
SURVEY,1998,WEEK #32,8/9/98,STATE,KANSAS,20,,,,,,,0,,SOYBEANS,"SOYBEANS - PROGRESS, MEASURED IN PCT BLOOMING",TOTAL,NOT SPECIFIED,97,
SURVEY,1998,WEEK #33,8/16/98,STATE,KANSAS,20,,,,,,,0,,SOYBEANS,"SOYBEANS - PROGRESS, MEASURED IN PCT BLOOMING",TOTAL,NOT SPECIFIED,99,
SURVEY,1997,WEEK #26,6/29/97,STATE,KANSAS,20,,,,,,,0,,SOYBEANS,"SOYBEANS - PROGRESS, MEASURED IN PCT BLOOMING",TOTAL,NOT SPECIFIED,8,
SURVEY,1997,WEEK #27,7/6/97,STATE,KANSAS,20,,,,,,,0,,SOYBEANS,"SOYBEANS - PROGRESS, MEASURED IN PCT BLOOMING",TOTAL,NOT SPECIFIED,21,
SURVEY,1997,WEEK #28,7/13/97,STATE,KANSAS,20,,,,,,,0,,SOYBEANS,"SOYBEANS - PROGRESS, MEASURED IN PCT BLOOMING",TOTAL,NOT SPECIFIED,42,
SURVEY,1997,WEEK #29,7/20/97,STATE,KANSAS,20,,,,,,,0,,SOYBEANS,"SOYBEANS - PROGRESS, MEASURED IN PCT BLOOMING",TOTAL,NOT SPECIFIED,52,
SURVEY,1997,WEEK #30,7/27/97,STATE,KANSAS,20,,,,,,,0,,SOYBEANS,"SOYBEANS - PROGRESS, MEASURED IN PCT BLOOMING",TOTAL,NOT SPECIFIED,75,
SURVEY,1997,WEEK #31,8/3/97,STATE,KANSAS,20,,,,,,,0,,SOYBEANS,"SOYBEANS - PROGRESS, MEASURED IN PCT BLOOMING",TOTAL,NOT SPECIFIED,86,
SURVEY,1997,WEEK #32,8/10/97,STATE,KANSAS,20,,,,,,,0,,SOYBEANS,"SOYBEANS - PROGRESS, MEASURED IN PCT BLOOMING",TOTAL,NOT SPECIFIED,92,
SURVEY,1997,WEEK #33,8/17/97,STATE,KANSAS,20,,,,,,,0,,SOYBEANS,"SOYBEANS - PROGRESS, MEASURED IN PCT BLOOMING",TOTAL,NOT SPECIFIED,99,
SURVEY,1996,WEEK #27,7/7/96,STATE,KANSAS,20,,,,,,,0,,SOYBEANS,"SOYBEANS - PROGRESS, MEASURED IN PCT BLOOMING",TOTAL,NOT SPECIFIED,11,
SURVEY,1996,WEEK #28,7/14/96,STATE,KANSAS,20,,,,,,,0,,SOYBEANS,"SOYBEANS - PROGRESS, MEASURED IN PCT BLOOMING",TOTAL,NOT SPECIFIED,33,
SURVEY,1996,WEEK #29,7/21/96,STATE,KANSAS,20,,,,,,,0,,SOYBEANS,"SOYBEANS - PROGRESS, MEASURED IN PCT BLOOMING",TOTAL,NOT SPECIFIED,52,
SURVEY,1996,WEEK #30,7/28/96,STATE,KANSAS,20,,,,,,,0,,SOYBEANS,"SOYBEANS - PROGRESS, MEASURED IN PCT BLOOMING",TOTAL,NOT SPECIFIED,60,
SURVEY,1996,WEEK #31,8/4/96,STATE,KANSAS,20,,,,,,,0,,SOYBEANS,"SOYBEANS - PROGRESS, MEASURED IN PCT BLOOMING",TOTAL,NOT SPECIFIED,88,
SURVEY,1996,WEEK #32,8/11/96,STATE,KANSAS,20,,,,,,,0,,SOYBEANS,"SOYBEANS - PROGRESS, MEASURED IN PCT BLOOMING",TOTAL,NOT SPECIFIED,93,
SURVEY,1996,WEEK #33,8/18/96,STATE,KANSAS,20,,,,,,,0,,SOYBEANS,"SOYBEANS - PROGRESS, MEASURED IN PCT BLOOMING",TOTAL,NOT SPECIFIED,95,
SURVEY,1995,WEEK #27,7/9/95,STATE,KANSAS,20,,,,,,,0,,SOYBEANS,"SOYBEANS - PROGRESS, MEASURED IN PCT BLOOMING",TOTAL,NOT SPECIFIED,1,
SURVEY,1995,WEEK #28,7/16/95,STATE,KANSAS,20,,,,,,,0,,SOYBEANS,"SOYBEANS - PROGRESS, MEASURED IN PCT BLOOMING",TOTAL,NOT SPECIFIED,3,
SURVEY,1995,WEEK #29,7/23/95,STATE,KANSAS,20,,,,,,,0,,SOYBEANS,"SOYBEANS - PROGRESS, MEASURED IN PCT BLOOMING",TOTAL,NOT SPECIFIED,7,
SURVEY,1995,WEEK #30,7/30/95,STATE,KANSAS,20,,,,,,,0,,SOYBEANS,"SOYBEANS - PROGRESS, MEASURED IN PCT BLOOMING",TOTAL,NOT SPECIFIED,23,
SURVEY,1995,WEEK #31,8/6/95,STATE,KANSAS,20,,,,,,,0,,SOYBEANS,"SOYBEANS - PROGRESS, MEASURED IN PCT BLOOMING",TOTAL,NOT SPECIFIED,48,
SURVEY,1995,WEEK #32,8/13/95,STATE,KANSAS,20,,,,,,,0,,SOYBEANS,"SOYBEANS - PROGRESS, MEASURED IN PCT BLOOMING",TOTAL,NOT SPECIFIED,64,
SURVEY,1995,WEEK #33,8/20/95,STATE,KANSAS,20,,,,,,,0,,SOYBEANS,"SOYBEANS - PROGRESS, MEASURED IN PCT BLOOMING",TOTAL,NOT SPECIFIED,82,
SURVEY,1994,WEEK #25,6/26/94,STATE,KANSAS,20,,,,,,,0,,SOYBEANS,"SOYBEANS - PROGRESS, MEASURED IN PCT BLOOMING",TOTAL,NOT SPECIFIED,3,
SURVEY,1994,WEEK #26,7/3/94,STATE,KANSAS,20,,,,,,,0,,SOYBEANS,"SOYBEANS - PROGRESS, MEASURED IN PCT BLOOMING",TOTAL,NOT SPECIFIED,10,
SURVEY,1994,WEEK #27,7/10/94,STATE,KANSAS,20,,,,,,,0,,SOYBEANS,"SOYBEANS - PROGRESS, MEASURED IN PCT BLOOMING",TOTAL,NOT SPECIFIED,30,
SURVEY,1994,WEEK #28,7/17/94,STATE,KANSAS,20,,,,,,,0,,SOYBEANS,"SOYBEANS - PROGRESS, MEASURED IN PCT BLOOMING",TOTAL,NOT SPECIFIED,50,
SURVEY,1994,WEEK #29,7/24/94,STATE,KANSAS,20,,,,,,,0,,SOYBEANS,"SOYBEANS - PROGRESS, MEASURED IN PCT BLOOMING",TOTAL,NOT SPECIFIED,75,
SURVEY,1994,WEEK #30,7/31/94,STATE,KANSAS,20,,,,,,,0,,SOYBEANS,"SOYBEANS - PROGRESS, MEASURED IN PCT BLOOMING",TOTAL,NOT SPECIFIED,85,
SURVEY,1994,WEEK #31,8/7/94,STATE,KANSAS,20,,,,,,,0,,SOYBEANS,"SOYBEANS - PROGRESS, MEASURED IN PCT BLOOMING",TOTAL,NOT SPECIFIED,90,
SURVEY,1993,WEEK #25,6/27/93,STATE,KANSAS,20,,,,,,,0,,SOYBEANS,"SOYBEANS - PROGRESS, MEASURED IN PCT BLOOMING",TOTAL,NOT SPECIFIED,1,
SURVEY,1993,WEEK #26,7/4/93,STATE,KANSAS,20,,,,,,,0,,SOYBEANS,"SOYBEANS - PROGRESS, MEASURED IN PCT BLOOMING",TOTAL,NOT SPECIFIED,3,
SURVEY,1993,WEEK #27,7/11/93,STATE,KANSAS,20,,,,,,,0,,SOYBEANS,"SOYBEANS - PROGRESS, MEASURED IN PCT BLOOMING",TOTAL,NOT SPECIFIED,5,
SURVEY,1993,WEEK #28,7/18/93,STATE,KANSAS,20,,,,,,,0,,SOYBEANS,"SOYBEANS - PROGRESS, MEASURED IN PCT BLOOMING",TOTAL,NOT SPECIFIED,15,
SURVEY,1993,WEEK #29,7/25/93,STATE,KANSAS,20,,,,,,,0,,SOYBEANS,"SOYBEANS - PROGRESS, MEASURED IN PCT BLOOMING",TOTAL,NOT SPECIFIED,30,
SURVEY,1993,WEEK #30,8/1/93,STATE,KANSAS,20,,,,,,,0,,SOYBEANS,"SOYBEANS - PROGRESS, MEASURED IN PCT BLOOMING",TOTAL,NOT SPECIFIED,45,
SURVEY,1993,WEEK #31,8/8/93,STATE,KANSAS,20,,,,,,,0,,SOYBEANS,"SOYBEANS - PROGRESS, MEASURED IN PCT BLOOMING",TOTAL,NOT SPECIFIED,80,
SURVEY,1993,WEEK #32,8/15/93,STATE,KANSAS,20,,,,,,,0,,SOYBEANS,"SOYBEANS - PROGRESS, MEASURED IN PCT BLOOMING",TOTAL,NOT SPECIFIED,85,
SURVEY,1993,WEEK #33,8/22/93,STATE,KANSAS,20,,,,,,,0,,SOYBEANS,"SOYBEANS - PROGRESS, MEASURED IN PCT BLOOMING",TOTAL,NOT SPECIFIED,95,
SURVEY,1993,WEEK #34,8/29/93,STATE,KANSAS,20,,,,,,,0,,SOYBEANS,"SOYBEANS - PROGRESS, MEASURED IN PCT BLOOMING",TOTAL,NOT SPECIFIED,97,
SURVEY,1992,WEEK #26,6/28/92,STATE,KANSAS,20,,,,,,,0,,SOYBEANS,"SOYBEANS - PROGRESS, MEASURED IN PCT BLOOMING",TOTAL,NOT SPECIFIED,5,
SURVEY,1992,WEEK #27,7/5/92,STATE,KANSAS,20,,,,,,,0,,SOYBEANS,"SOYBEANS - PROGRESS, MEASURED IN PCT BLOOMING",TOTAL,NOT SPECIFIED,5,
SURVEY,1992,WEEK #28,7/12/92,STATE,KANSAS,20,,,,,,,0,,SOYBEANS,"SOYBEANS - PROGRESS, MEASURED IN PCT BLOOMING",TOTAL,NOT SPECIFIED,15,
SURVEY,1992,WEEK #29,7/19/92,STATE,KANSAS,20,,,,,,,0,,SOYBEANS,"SOYBEANS - PROGRESS, MEASURED IN PCT BLOOMING",TOTAL,NOT SPECIFIED,25,
SURVEY,1992,WEEK #30,7/26/92,STATE,KANSAS,20,,,,,,,0,,SOYBEANS,"SOYBEANS - PROGRESS, MEASURED IN PCT BLOOMING",TOTAL,NOT SPECIFIED,50,
SURVEY,1992,WEEK #31,8/2/92,STATE,KANSAS,20,,,,,,,0,,SOYBEANS,"SOYBEANS - PROGRESS, MEASURED IN PCT BLOOMING",TOTAL,NOT SPECIFIED,60,
SURVEY,1992,WEEK #32,8/9/92,STATE,KANSAS,20,,,,,,,0,,SOYBEANS,"SOYBEANS - PROGRESS, MEASURED IN PCT BLOOMING",TOTAL,NOT SPECIFIED,80,
SURVEY,1992,WEEK #33,8/16/92,STATE,KANSAS,20,,,,,,,0,,SOYBEANS,"SOYBEANS - PROGRESS, MEASURED IN PCT BLOOMING",TOTAL,NOT SPECIFIED,90,
SURVEY,1991,WEEK #26,6/30/91,STATE,KANSAS,20,,,,,,,0,,SOYBEANS,"SOYBEANS - PROGRESS, MEASURED IN PCT BLOOMING",TOTAL,NOT SPECIFIED,20,
SURVEY,1991,WEEK #27,7/7/91,STATE,KANSAS,20,,,,,,,0,,SOYBEANS,"SOYBEANS - PROGRESS, MEASURED IN PCT BLOOMING",TOTAL,NOT SPECIFIED,25,
SURVEY,1991,WEEK #28,7/14/91,STATE,KANSAS,20,,,,,,,0,,SOYBEANS,"SOYBEANS - PROGRESS, MEASURED IN PCT BLOOMING",TOTAL,NOT SPECIFIED,40,
SURVEY,1991,WEEK #29,7/21/91,STATE,KANSAS,20,,,,,,,0,,SOYBEANS,"SOYBEANS - PROGRESS, MEASURED IN PCT BLOOMING",TOTAL,NOT SPECIFIED,55,
SURVEY,1991,WEEK #30,7/28/91,STATE,KANSAS,20,,,,,,,0,,SOYBEANS,"SOYBEANS - PROGRESS, MEASURED IN PCT BLOOMING",TOTAL,NOT SPECIFIED,65,
SURVEY,1991,WEEK #31,8/4/91,STATE,KANSAS,20,,,,,,,0,,SOYBEANS,"SOYBEANS - PROGRESS, MEASURED IN PCT BLOOMING",TOTAL,NOT SPECIFIED,80,
SURVEY,1991,WEEK #32,8/11/91,STATE,KANSAS,20,,,,,,,0,,SOYBEANS,"SOYBEANS - PROGRESS, MEASURED IN PCT BLOOMING",TOTAL,NOT SPECIFIED,90,
SURVEY,1991,WEEK #33,8/18/91,STATE,KANSAS,20,,,,,,,0,,SOYBEANS,"SOYBEANS - PROGRESS, MEASURED IN PCT BLOOMING",TOTAL,NOT SPECIFIED,95,
SURVEY,1990,WEEK #26,7/1/90,STATE,KANSAS,20,,,,,,,0,,SOYBEANS,"SOYBEANS - PROGRESS, MEASURED IN PCT BLOOMING",TOTAL,NOT SPECIFIED,5,
SURVEY,1990,WEEK #27,7/8/90,STATE,KANSAS,20,,,,,,,0,,SOYBEANS,"SOYBEANS - PROGRESS, MEASURED IN PCT BLOOMING",TOTAL,NOT SPECIFIED,15,
SURVEY,1990,WEEK #28,7/15/90,STATE,KANSAS,20,,,,,,,0,,SOYBEANS,"SOYBEANS - PROGRESS, MEASURED IN PCT BLOOMING",TOTAL,NOT SPECIFIED,25,
SURVEY,1990,WEEK #29,7/22/90,STATE,KANSAS,20,,,,,,,0,,SOYBEANS,"SOYBEANS - PROGRESS, MEASURED IN PCT BLOOMING",TOTAL,NOT SPECIFIED,30,
SURVEY,1990,WEEK #30,7/29/90,STATE,KANSAS,20,,,,,,,0,,SOYBEANS,"SOYBEANS - PROGRESS, MEASURED IN PCT BLOOMING",TOTAL,NOT SPECIFIED,40,
SURVEY,1990,WEEK #31,8/5/90,STATE,KANSAS,20,,,,,,,0,,SOYBEANS,"SOYBEANS - PROGRESS, MEASURED IN PCT BLOOMING",TOTAL,NOT SPECIFIED,55,
SURVEY,1990,WEEK #32,8/12/90,STATE,KANSAS,20,,,,,,,0,,SOYBEANS,"SOYBEANS - PROGRESS, MEASURED IN PCT BLOOMING",TOTAL,NOT SPECIFIED,75,
SURVEY,1990,WEEK #33,8/19/90,STATE,KANSAS,20,,,,,,,0,,SOYBEANS,"SOYBEANS - PROGRESS, MEASURED IN PCT BLOOMING",TOTAL,NOT SPECIFIED,90,
SURVEY,1990,WEEK #34,8/26/90,STATE,KANSAS,20,,,,,,,0,,SOYBEANS,"SOYBEANS - PROGRESS, MEASURED IN PCT BLOOMING",TOTAL,NOT SPECIFIED,98,
SURVEY,1989,WEEK #26,7/2/89,STATE,KANSAS,20,,,,,,,0,,SOYBEANS,"SOYBEANS - PROGRESS, MEASURED IN PCT BLOOMING",TOTAL,NOT SPECIFIED,5,
SURVEY,1989,WEEK #27,7/9/89,STATE,KANSAS,20,,,,,,,0,,SOYBEANS,"SOYBEANS - PROGRESS, MEASURED IN PCT BLOOMING",TOTAL,NOT SPECIFIED,10,
SURVEY,1989,WEEK #28,7/16/89,STATE,KANSAS,20,,,,,,,0,,SOYBEANS,"SOYBEANS - PROGRESS, MEASURED IN PCT BLOOMING",TOTAL,NOT SPECIFIED,20,
SURVEY,1989,WEEK #29,7/23/89,STATE,KANSAS,20,,,,,,,0,,SOYBEANS,"SOYBEANS - PROGRESS, MEASURED IN PCT BLOOMING",TOTAL,NOT SPECIFIED,35,
SURVEY,1989,WEEK #30,7/30/89,STATE,KANSAS,20,,,,,,,0,,SOYBEANS,"SOYBEANS - PROGRESS, MEASURED IN PCT BLOOMING",TOTAL,NOT SPECIFIED,40,
SURVEY,1989,WEEK #31,8/6/89,STATE,KANSAS,20,,,,,,,0,,SOYBEANS,"SOYBEANS - PROGRESS, MEASURED IN PCT BLOOMING",TOTAL,NOT SPECIFIED,55,
SURVEY,1989,WEEK #32,8/13/89,STATE,KANSAS,20,,,,,,,0,,SOYBEANS,"SOYBEANS - PROGRESS, MEASURED IN PCT BLOOMING",TOTAL,NOT SPECIFIED,80,
SURVEY,1989,WEEK #33,8/20/89,STATE,KANSAS,20,,,,,,,0,,SOYBEANS,"SOYBEANS - PROGRESS, MEASURED IN PCT BLOOMING",TOTAL,NOT SPECIFIED,95,
SURVEY,1989,WEEK #34,8/27/89,STATE,KANSAS,20,,,,,,,0,,SOYBEANS,"SOYBEANS - PROGRESS, MEASURED IN PCT BLOOMING",TOTAL,NOT SPECIFIED,96,
SURVEY,1988,WEEK #26,7/3/88,STATE,KANSAS,20,,,,,,,0,,SOYBEANS,"SOYBEANS - PROGRESS, MEASURED IN PCT BLOOMING",TOTAL,NOT SPECIFIED,5,
SURVEY,1988,WEEK #27,7/10/88,STATE,KANSAS,20,,,,,,,0,,SOYBEANS,"SOYBEANS - PROGRESS, MEASURED IN PCT BLOOMING",TOTAL,NOT SPECIFIED,15,
SURVEY,1988,WEEK #28,7/17/88,STATE,KANSAS,20,,,,,,,0,,SOYBEANS,"SOYBEANS - PROGRESS, MEASURED IN PCT BLOOMING",TOTAL,NOT SPECIFIED,35,
SURVEY,1988,WEEK #29,7/24/88,STATE,KANSAS,20,,,,,,,0,,SOYBEANS,"SOYBEANS - PROGRESS, MEASURED IN PCT BLOOMING",TOTAL,NOT SPECIFIED,55,
SURVEY,1988,WEEK #30,7/31/88,STATE,KANSAS,20,,,,,,,0,,SOYBEANS,"SOYBEANS - PROGRESS, MEASURED IN PCT BLOOMING",TOTAL,NOT SPECIFIED,70,
SURVEY,1988,WEEK #31,8/7/88,STATE,KANSAS,20,,,,,,,0,,SOYBEANS,"SOYBEANS - PROGRESS, MEASURED IN PCT BLOOMING",TOTAL,NOT SPECIFIED,90,
SURVEY,1988,WEEK #32,8/14/88,STATE,KANSAS,20,,,,,,,0,,SOYBEANS,"SOYBEANS - PROGRESS, MEASURED IN PCT BLOOMING",TOTAL,NOT SPECIFIED,95,
SURVEY,1988,WEEK #33,8/21/88,STATE,KANSAS,20,,,,,,,0,,SOYBEANS,"SOYBEANS - PROGRESS, MEASURED IN PCT BLOOMING",TOTAL,NOT SPECIFIED,97,
SURVEY,1988,WEEK #34,8/28/88,STATE,KANSAS,20,,,,,,,0,,SOYBEANS,"SOYBEANS - PROGRESS, MEASURED IN PCT BLOOMING",TOTAL,NOT SPECIFIED,99,
SURVEY,1987,WEEK #27,7/5/87,STATE,KANSAS,20,,,,,,,0,,SOYBEANS,"SOYBEANS - PROGRESS, MEASURED IN PCT BLOOMING",TOTAL,NOT SPECIFIED,15,
SURVEY,1987,WEEK #28,7/12/87,STATE,KANSAS,20,,,,,,,0,,SOYBEANS,"SOYBEANS - PROGRESS, MEASURED IN PCT BLOOMING",TOTAL,NOT SPECIFIED,30,
SURVEY,1987,WEEK #29,7/19/87,STATE,KANSAS,20,,,,,,,0,,SOYBEANS,"SOYBEANS - PROGRESS, MEASURED IN PCT BLOOMING",TOTAL,NOT SPECIFIED,45,
SURVEY,1987,WEEK #30,7/26/87,STATE,KANSAS,20,,,,,,,0,,SOYBEANS,"SOYBEANS - PROGRESS, MEASURED IN PCT BLOOMING",TOTAL,NOT SPECIFIED,65,
SURVEY,1987,WEEK #31,8/2/87,STATE,KANSAS,20,,,,,,,0,,SOYBEANS,"SOYBEANS - PROGRESS, MEASURED IN PCT BLOOMING",TOTAL,NOT SPECIFIED,75,
SURVEY,1987,WEEK #32,8/9/87,STATE,KANSAS,20,,,,,,,0,,SOYBEANS,"SOYBEANS - PROGRESS, MEASURED IN PCT BLOOMING",TOTAL,NOT SPECIFIED,85,
SURVEY,1987,WEEK #33,8/16/87,STATE,KANSAS,20,,,,,,,0,,SOYBEANS,"SOYBEANS - PROGRESS, MEASURED IN PCT BLOOMING",TOTAL,NOT SPECIFIED,90,
SURVEY,1987,WEEK #34,8/23/87,STATE,KANSAS,20,,,,,,,0,,SOYBEANS,"SOYBEANS - PROGRESS, MEASURED IN PCT BLOOMING",TOTAL,NOT SPECIFIED,95,
SURVEY,1986,WEEK #27,7/6/86,STATE,KANSAS,20,,,,,,,0,,SOYBEANS,"SOYBEANS - PROGRESS, MEASURED IN PCT BLOOMING",TOTAL,NOT SPECIFIED,15,
SURVEY,1986,WEEK #28,7/13/86,STATE,KANSAS,20,,,,,,,0,,SOYBEANS,"SOYBEANS - PROGRESS, MEASURED IN PCT BLOOMING",TOTAL,NOT SPECIFIED,30,
SURVEY,1986,WEEK #29,7/20/86,STATE,KANSAS,20,,,,,,,0,,SOYBEANS,"SOYBEANS - PROGRESS, MEASURED IN PCT BLOOMING",TOTAL,NOT SPECIFIED,40,
SURVEY,1986,WEEK #30,7/27/86,STATE,KANSAS,20,,,,,,,0,,SOYBEANS,"SOYBEANS - PROGRESS, MEASURED IN PCT BLOOMING",TOTAL,NOT SPECIFIED,60,
SURVEY,1986,WEEK #31,8/3/86,STATE,KANSAS,20,,,,,,,0,,SOYBEANS,"SOYBEANS - PROGRESS, MEASURED IN PCT BLOOMING",TOTAL,NOT SPECIFIED,80,
SURVEY,1986,WEEK #32,8/10/86,STATE,KANSAS,20,,,,,,,0,,SOYBEANS,"SOYBEANS - PROGRESS, MEASURED IN PCT BLOOMING",TOTAL,NOT SPECIFIED,90,
SURVEY,1986,WEEK #33,8/17/86,STATE,KANSAS,20,,,,,,,0,,SOYBEANS,"SOYBEANS - PROGRESS, MEASURED IN PCT BLOOMING",TOTAL,NOT SPECIFIED,100,
SURVEY,1986,WEEK #34,8/24/86,STATE,KANSAS,20,,,,,,,0,,SOYBEANS,"SOYBEANS - PROGRESS, MEASURED IN PCT BLOOMING",TOTAL,NOT SPECIFIED,100,
SURVEY,1985,WEEK #26,6/30/85,STATE,KANSAS,20,,,,,,,0,,SOYBEANS,"SOYBEANS - PROGRESS, MEASURED IN PCT BLOOMING",TOTAL,NOT SPECIFIED,5,
SURVEY,1985,WEEK #27,7/7/85,STATE,KANSAS,20,,,,,,,0,,SOYBEANS,"SOYBEANS - PROGRESS, MEASURED IN PCT BLOOMING",TOTAL,NOT SPECIFIED,10,
SURVEY,1985,WEEK #28,7/14/85,STATE,KANSAS,20,,,,,,,0,,SOYBEANS,"SOYBEANS - PROGRESS, MEASURED IN PCT BLOOMING",TOTAL,NOT SPECIFIED,20,
SURVEY,1985,WEEK #29,7/21/85,STATE,KANSAS,20,,,,,,,0,,SOYBEANS,"SOYBEANS - PROGRESS, MEASURED IN PCT BLOOMING",TOTAL,NOT SPECIFIED,25,
SURVEY,1985,WEEK #30,7/28/85,STATE,KANSAS,20,,,,,,,0,,SOYBEANS,"SOYBEANS - PROGRESS, MEASURED IN PCT BLOOMING",TOTAL,NOT SPECIFIED,45,
SURVEY,1985,WEEK #31,8/4/85,STATE,KANSAS,20,,,,,,,0,,SOYBEANS,"SOYBEANS - PROGRESS, MEASURED IN PCT BLOOMING",TOTAL,NOT SPECIFIED,60,
SURVEY,1985,WEEK #32,8/11/85,STATE,KANSAS,20,,,,,,,0,,SOYBEANS,"SOYBEANS - PROGRESS, MEASURED IN PCT BLOOMING",TOTAL,NOT SPECIFIED,80,
SURVEY,1985,WEEK #33,8/18/85,STATE,KANSAS,20,,,,,,,0,,SOYBEANS,"SOYBEANS - PROGRESS, MEASURED IN PCT BLOOMING",TOTAL,NOT SPECIFIED,90,
SURVEY,1984,WEEK #26,7/1/84,STATE,KANSAS,20,,,,,,,0,,SOYBEANS,"SOYBEANS - PROGRESS, MEASURED IN PCT BLOOMING",TOTAL,NOT SPECIFIED,2,
SURVEY,1984,WEEK #27,7/8/84,STATE,KANSAS,20,,,,,,,0,,SOYBEANS,"SOYBEANS - PROGRESS, MEASURED IN PCT BLOOMING",TOTAL,NOT SPECIFIED,5,
SURVEY,1984,WEEK #28,7/15/84,STATE,KANSAS,20,,,,,,,0,,SOYBEANS,"SOYBEANS - PROGRESS, MEASURED IN PCT BLOOMING",TOTAL,NOT SPECIFIED,15,
SURVEY,1984,WEEK #29,7/22/84,STATE,KANSAS,20,,,,,,,0,,SOYBEANS,"SOYBEANS - PROGRESS, MEASURED IN PCT BLOOMING",TOTAL,NOT SPECIFIED,35,
SURVEY,1984,WEEK #30,7/29/84,STATE,KANSAS,20,,,,,,,0,,SOYBEANS,"SOYBEANS - PROGRESS, MEASURED IN PCT BLOOMING",TOTAL,NOT SPECIFIED,50,
SURVEY,1984,WEEK #31,8/5/84,STATE,KANSAS,20,,,,,,,0,,SOYBEANS,"SOYBEANS - PROGRESS, MEASURED IN PCT BLOOMING",TOTAL,NOT SPECIFIED,70,
SURVEY,1984,WEEK #32,8/12/84,STATE,KANSAS,20,,,,,,,0,,SOYBEANS,"SOYBEANS - PROGRESS, MEASURED IN PCT BLOOMING",TOTAL,NOT SPECIFIED,80,
SURVEY,1984,WEEK #33,8/19/84,STATE,KANSAS,20,,,,,,,0,,SOYBEANS,"SOYBEANS - PROGRESS, MEASURED IN PCT BLOOMING",TOTAL,NOT SPECIFIED,85,
SURVEY,1984,WEEK #34,8/26/84,STATE,KANSAS,20,,,,,,,0,,SOYBEANS,"SOYBEANS - PROGRESS, MEASURED IN PCT BLOOMING",TOTAL,NOT SPECIFIED,98,
SURVEY,1984,WEEK #35,9/2/84,STATE,KANSAS,20,,,,,,,0,,SOYBEANS,"SOYBEANS - PROGRESS, MEASURED IN PCT BLOOMING",TOTAL,NOT SPECIFIED,99,
SURVEY,1983,WEEK #26,7/3/83,STATE,KANSAS,20,,,,,,,0,,SOYBEANS,"SOYBEANS - PROGRESS, MEASURED IN PCT BLOOMING",TOTAL,NOT SPECIFIED,1,
SURVEY,1983,WEEK #27,7/10/83,STATE,KANSAS,20,,,,,,,0,,SOYBEANS,"SOYBEANS - PROGRESS, MEASURED IN PCT BLOOMING",TOTAL,NOT SPECIFIED,5,
SURVEY,1983,WEEK #28,7/17/83,STATE,KANSAS,20,,,,,,,0,,SOYBEANS,"SOYBEANS - PROGRESS, MEASURED IN PCT BLOOMING",TOTAL,NOT SPECIFIED,10,
SURVEY,1983,WEEK #29,7/24/83,STATE,KANSAS,20,,,,,,,0,,SOYBEANS,"SOYBEANS - PROGRESS, MEASURED IN PCT BLOOMING",TOTAL,NOT SPECIFIED,20,
SURVEY,1983,WEEK #30,7/31/83,STATE,KANSAS,20,,,,,,,0,,SOYBEANS,"SOYBEANS - PROGRESS, MEASURED IN PCT BLOOMING",TOTAL,NOT SPECIFIED,35,
SURVEY,1983,WEEK #31,8/7/83,STATE,KANSAS,20,,,,,,,0,,SOYBEANS,"SOYBEANS - PROGRESS, MEASURED IN PCT BLOOMING",TOTAL,NOT SPECIFIED,55,
SURVEY,1983,WEEK #32,8/14/83,STATE,KANSAS,20,,,,,,,0,,SOYBEANS,"SOYBEANS - PROGRESS, MEASURED IN PCT BLOOMING",TOTAL,NOT SPECIFIED,75,
SURVEY,1983,WEEK #33,8/21/83,STATE,KANSAS,20,,,,,,,0,,SOYBEANS,"SOYBEANS - PROGRESS, MEASURED IN PCT BLOOMING",TOTAL,NOT SPECIFIED,90,
SURVEY,1983,WEEK #34,8/28/83,STATE,KANSAS,20,,,,,,,0,,SOYBEANS,"SOYBEANS - PROGRESS, MEASURED IN PCT BLOOMING",TOTAL,NOT SPECIFIED,97,
SURVEY,1983,WEEK #35,9/4/83,STATE,KANSAS,20,,,,,,,0,,SOYBEANS,"SOYBEANS - PROGRESS, MEASURED IN PCT BLOOMING",TOTAL,NOT SPECIFIED,98,
SURVEY,1982,WEEK #28,7/18/82,STATE,KANSAS,20,,,,,,,0,,SOYBEANS,"SOYBEANS - PROGRESS, MEASURED IN PCT BLOOMING",TOTAL,NOT SPECIFIED,5,
SURVEY,1982,WEEK #29,7/25/82,STATE,KANSAS,20,,,,,,,0,,SOYBEANS,"SOYBEANS - PROGRESS, MEASURED IN PCT BLOOMING",TOTAL,NOT SPECIFIED,15,
SURVEY,1982,WEEK #30,8/1/82,STATE,KANSAS,20,,,,,,,0,,SOYBEANS,"SOYBEANS - PROGRESS, MEASURED IN PCT BLOOMING",TOTAL,NOT SPECIFIED,25,
SURVEY,1982,WEEK #31,8/8/82,STATE,KANSAS,20,,,,,,,0,,SOYBEANS,"SOYBEANS - PROGRESS, MEASURED IN PCT BLOOMING",TOTAL,NOT SPECIFIED,35,
SURVEY,1982,WEEK #32,8/15/82,STATE,KANSAS,20,,,,,,,0,,SOYBEANS,"SOYBEANS - PROGRESS, MEASURED IN PCT BLOOMING",TOTAL,NOT SPECIFIED,55,
SURVEY,1982,WEEK #33,8/22/82,STATE,KANSAS,20,,,,,,,0,,SOYBEANS,"SOYBEANS - PROGRESS, MEASURED IN PCT BLOOMING",TOTAL,NOT SPECIFIED,65,
SURVEY,1982,WEEK #34,8/29/82,STATE,KANSAS,20,,,,,,,0,,SOYBEANS,"SOYBEANS - PROGRESS, MEASURED IN PCT BLOOMING",TOTAL,NOT SPECIFIED,85,
SURVEY,1981,WEEK #28,7/12/81,STATE,KANSAS,20,,,,,,,0,,SOYBEANS,"SOYBEANS - PROGRESS, MEASURED IN PCT BLOOMING",TOTAL,NOT SPECIFIED,5,
SURVEY,1981,WEEK #29,7/19/81,STATE,KANSAS,20,,,,,,,0,,SOYBEANS,"SOYBEANS - PROGRESS, MEASURED IN PCT BLOOMING",TOTAL,NOT SPECIFIED,15,
SURVEY,1981,WEEK #30,7/26/81,STATE,KANSAS,20,,,,,,,0,,SOYBEANS,"SOYBEANS - PROGRESS, MEASURED IN PCT BLOOMING",TOTAL,NOT SPECIFIED,30,
SURVEY,1981,WEEK #31,8/2/81,STATE,KANSAS,20,,,,,,,0,,SOYBEANS,"SOYBEANS - PROGRESS, MEASURED IN PCT BLOOMING",TOTAL,NOT SPECIFIED,50,
SURVEY,1981,WEEK #32,8/9/81,STATE,KANSAS,20,,,,,,,0,,SOYBEANS,"SOYBEANS - PROGRESS, MEASURED IN PCT BLOOMING",TOTAL,NOT SPECIFIED,65,
SURVEY,1981,WEEK #33,8/16/81,STATE,KANSAS,20,,,,,,,0,,SOYBEANS,"SOYBEANS - PROGRESS, MEASURED IN PCT BLOOMING",TOTAL,NOT SPECIFIED,80,
SURVEY,1981,WEEK #34,8/23/81,STATE,KANSAS,20,,,,,,,0,,SOYBEANS,"SOYBEANS - PROGRESS, MEASURED IN PCT BLOOMING",TOTAL,NOT SPECIFIED,90,